Id,log_count,avg_BMI
1503960366,1,22.96999931
1927972279,1,46.16999817
2347167796,1,24.77000046
2873212765,2,21.55000019
2891001357,1,25.03000069
4445114986,1,35.00999832
4558609924,1,27.13999939
4702921684,1,26.11000061
6962181067,14,24.15500028
8253242879,1,29.54999924
8877689391,9,25.67777803
